property_id,add_on_id,add_on_name
739076,308,Garage
739076,309,Appliances
739076,310,Furniture
739076,312,Storage
739076,313,Parking
739076,315,Amenity Rentals
739085,308,Garage
739085,309,Appliances
739085,310,Furniture
739085,312,Storage
739085,313,Parking
739085,315,Amenity Rentals
739079,308,Garage
739079,309,Appliances
739079,310,Furniture
739079,312,Storage
739079,313,Parking
739079,315,Amenity Rentals
739080,308,Garage
739080,309,Appliances
739080,310,Furniture
739080,312,Storage
739080,313,Parking
739080,315,Amenity Rentals
739084,308,Garage
739084,309,Appliances
739084,310,Furniture
739084,312,Storage
739084,313,Parking
739084,315,Amenity Rentals
641240,308,Garage
641240,309,Appliances
641240,310,Furniture
641240,312,Storage
641240,313,Parking
641240,315,Amenity Rentals
676055,308,Garage
676055,309,Appliances
676055,310,Furniture
676055,312,Storage
676055,313,Parking
676055,315,Amenity Rentals
1115679,308,Garage
1115679,309,Appliances
1115679,310,Furniture
1115679,312,Storage
1115679,313,Parking
1115679,315,Amenity Rentals
1161867,308,Garage
1161867,309,Appliances
1161867,310,Furniture
1161867,312,Storage
1161867,313,Parking
1161867,315,Amenity Rentals
518044,308,Garage
518044,309,Appliances
518044,310,Furniture
518044,312,Storage
518044,313,Parking
518044,315,Amenity Rentals
952515,308,Garage
952515,309,Appliances
952515,310,Furniture
952515,312,Storage
952515,313,Parking
952515,315,Amenity Rentals
577897,308,Garage
577897,309,Appliances
577897,310,Furniture
577897,312,Storage
577897,313,Parking
577897,315,Amenity Rentals
518041,308,Garage
518041,309,Appliances
518041,310,Furniture
518041,312,Storage
518041,313,Parking
518041,315,Amenity Rentals
518042,308,Garage
518042,309,Appliances
518042,310,Furniture
518042,312,Storage
518042,313,Parking
518042,315,Amenity Rentals
1197886,308,Garage
1197886,309,Appliances
1197886,310,Furniture
1197886,312,Storage
1197886,313,Parking
1197886,315,Amenity Rentals
833617,308,Garage
833617,309,Appliances
833617,310,Furniture
833617,312,Storage
833617,313,Parking
833617,315,Amenity Rentals
1197887,308,Garage
1197887,309,Appliances
1197887,310,Furniture
1197887,312,Storage
1197887,313,Parking
1197887,315,Amenity Rentals
518046,308,Garage
518046,309,Appliances
518046,310,Furniture
518046,312,Storage
518046,313,Parking
518046,315,Amenity Rentals
100064798,308,Garage
100064798,309,Appliances
100064798,310,Furniture
100064798,312,Storage
100064798,313,Parking
100064798,315,Amenity Rentals
1143679,308,Garage
1143679,309,Appliances
1143679,310,Furniture
1143679,312,Storage
1143679,313,Parking
1143679,315,Amenity Rentals
1311849,308,Garage
1311849,309,Appliances
1311849,310,Furniture
1311849,312,Storage
1311849,313,Parking
1311849,315,Amenity Rentals
